Name,Type,Color,Rarity,Author,Power,Toughness,Mana cost,Converted mana cost,Count,Foil count,Special foil count,Price,Foil price,Number,Set,ID,Multiverse ID,Comments,To trade,Condition,Grading,Languages,TCG ID,Cardmarket ID
"Angelic Observer","Creature - Angel Advisor",White,Uncommon,"Zack Stella",3,3,(5)(W),6,1,0,0,$0.04,$0.16,1,"Streets of New Capenna",72838,555202,,0,"","","",268760,651687
"Backup Agent","Creature - Human Citizen",White,Common,"Aaron J. Riley",1,1,(1)(W),2,1,0,0,$0.05,$0.06,2,"Streets of New Capenna",72839,555203,,0,"","","",269043,652150
"Ballroom Brawlers","Creature - Human Warrior",White,Uncommon,"John Stanko",3,5,(3)(W)(W),5,2,0,0,$0.05,$0.05,3,"Streets of New Capenna",72840,555204,,0,"2xMint","","2xEnglish",268682,651619
"Boon of Safety","Instant",White,Common,"Robin Olausson",0,0,(W),1,1,0,0,$0.07,$0.13,4,"Streets of New Capenna",72841,555205,,0,"","","",269046,652151
"Brokers Initiate","Creature - Cat Citizen",White,Common,"Viko Menezes",0,4,(W),1,2,1,0,$0.06,$0.06,5,"Streets of New Capenna",72842,555206,,0,"","","",269055,652152
"Buy Your Silence","Sorcery",White,Common,"Tony Foti",0,0,(4)(W),5,1,0,0,$0.02,$0.03,6,"Streets of New Capenna",72843,555207,,0,"","","",268753,651688
"Celebrity Fencer","Creature - Elf Druid",White,Common,"Inka Schulz",3,2,(3)(W),4,2,1,0,$0.05,$0.13,7,"Streets of New Capenna",72844,555208,,0,"","","",268729,651830
"Citizen's Crowbar","Artifact - Equipment",White,Uncommon,"Slawomir Maniak",0,0,(1)(W),2,1,0,0,$0.09,$0.15,8,"Streets of New Capenna",72845,555209,,0,"","","",268913,652153
"Dapper Shieldmate","Creature - Human Soldier",White,Common,"Greg Opalinski",2,2,(3)(W),4,1,0,0,$0.03,$0.04,9,"Streets of New Capenna",72846,555210,,0,"","","",268902,652154
"Depopulate","Sorcery",White,Rare,"Jokubas Uogintas",0,0,(2)(W)(W),4,0,0,0,$0.56,$0.56,10,"Streets of New Capenna",72847,555211,,0,"","","",268680,651620
"Elspeth Resplendent","Legendary Planeswalker - Elspeth",White,Mythic,"Anna Steinbauer",0,0,(3)(W)(W),5,0,0,0,$4.69,$5.78,11,"Streets of New Capenna",72848,555212,,0,"","","",268362,651362
"Extraction Specialist","Creature - Human Rogue",White,Rare,"Irina Nordsol",3,2,(2)(W),3,1,0,0,$0.31,$0.56,12,"Streets of New Capenna",72849,555213,,0,"","","",268761,651689
"Gathering Throng","Creature - Human Citizen",White,Common,"Randy Vargas",3,1,(2)(W),3,1,0,0,$0.04,$0.05,13,"Streets of New Capenna",72850,555214,,0,"","","",269059,652155
"Giada, Font of Hope","Legendary Creature - Angel",White,Rare,"Eric Deschamps",2,2,(1)(W),2,1,0,0,$3.08,$4.07,14,"Streets of New Capenna",72851,555215,,0,"","","",269062,652156
"Halo Fountain","Artifact",White,Mythic,"Anastasia Ovchinnikova",0,0,(2)(W),3,1,1,0,$4.58,$4.95,15,"Streets of New Capenna",72852,555216,,0,"","","",268356,651363
"Hold for Ransom","Enchantment - Aura",White,Common,"Nestor Ossandon Leal",0,0,(1)(W),2,1,0,0,$0.05,$0.09,16,"Streets of New Capenna",72853,555217,,0,"","","",268762,651831
"Illuminator Virtuoso","Creature - Human Rogue",White,Uncommon,"John Stanko",1,1,(1)(W),2,1,0,0,$0.09,$0.17,17,"Streets of New Capenna",72854,555218,,0,"","","",268519,651690
"Inspiring Overseer","Creature - Angel Cleric",White,Common,"Irina Nordsol",2,1,(2)(W),3,1,0,0,$0.10,$0.26,18,"Streets of New Capenna",72855,555219,,0,"","","",269065,652157
"Kill Shot","Instant",White,Common,"Josh Hass",0,0,(2)(W),3,1,0,0,$0.02,$0.05,19,"Streets of New Capenna",72856,555220,,0,"","","",269067,652158
"Knockout Blow","Instant",White,Uncommon,"Zoltan Boros",0,0,(2)(W),3,1,0,0,$0.05,$0.09,20,"Streets of New Capenna",72857,555221,,0,"","","",268749,651832
"Mage's Attendant","Creature - Cat Rogue",White,Uncommon,"Igor Kieryluk",3,2,(2)(W),3,1,0,0,$0.08,$0.18,21,"Streets of New Capenna",72858,555222,,0,"","","",268498,651621
"Mysterious Limousine","Artifact - Vehicle",White,Rare,"Dan Scott",4,4,(3)(W)(W),5,0,0,0,$0.12,$0.20,22,"Streets of New Capenna",72859,555223,,0,"","","",268403,651364
"Patch Up","Sorcery",White,Uncommon,"Scott Murphy",0,0,(2)(W),3,1,0,0,$0.09,$0.19,23,"Streets of New Capenna",72860,555224,,0,"","","",268910,652087
"Rabble Rousing","Enchantment",White,Rare,"Nestor Ossandon Leal",0,0,(4)(W),5,0,0,0,$0.79,$0.87,24,"Streets of New Capenna",72861,555225,,0,"","","",268750,651833
"Raffine's Guidance","Enchantment - Aura",White,Common,"Rémi Jacquot",0,0,(W),1,1,0,0,$0.04,$0.09,25,"Streets of New Capenna",72862,555226,,0,"","","",268681,651622
"Raffine's Informant","Creature - Human Wizard",White,Common,"John Stanko",2,1,(1)(W),2,1,0,0,$0.08,$0.12,26,"Streets of New Capenna",72863,555227,,0,"","","",268648,651691
"Refuse to Yield","Instant",White,Uncommon,"Josh Hass",0,0,(1)(W),2,1,0,0,$0.05,$0.08,27,"Streets of New Capenna",72864,555228,,0,"1xMint","","1xEnglish",268752,651692
"Revelation of Power","Instant",White,Common,"Eric Deschamps",0,0,(1)(W),2,1,0,0,$0.05,$0.08,28,"Streets of New Capenna",72865,555229,,0,"","","",269123,652159
"Rumor Gatherer","Creature - Elf Wizard",White,Uncommon,"Simon Dominic",2,1,(1)(W)(W),3,2,0,0,$0.14,$0.32,29,"Streets of New Capenna",72866,555230,,0,"2xMint","","2xEnglish",268316,651365
"Sanctuary Warden","Creature - Angel Soldier",White,Mythic,"Johannes Voss",5,5,(4)(W)(W),6,1,0,0,$1.53,$2.46,30,"Streets of New Capenna",72867,555231,,0,"","","",268919,652160
"Sky Crier","Creature - Bird Citizen",White,Common,"Raoul Vitale",1,1,(1)(W),2,1,0,0,$0.05,$0.11,31,"Streets of New Capenna",72868,555232,,0,"","","",269120,652161
"Speakeasy Server","Creature - Bird Citizen",White,Common,"Scott Murphy",3,3,(4)(W),5,2,1,0,$0.04,$0.06,32,"Streets of New Capenna",72869,555233,,0,"","","",269121,652162
"Swooping Protector","Creature - Bird Citizen",White,Uncommon,"Mark Behm",2,1,(3)(W),4,0,0,0,$0.03,$0.09,33,"Streets of New Capenna",72870,555234,,0,"","","",269122,652163
"All-Seeing Arbiter","Creature - Avatar",Blue,Mythic,"Robin Olausson",5,4,(4)(U)(U),6,0,0,0,$0.35,$0.46,34,"Streets of New Capenna",72871,555235,,0,"","","",268676,651623
"Backstreet Bruiser","Creature - Cephalid Rogue",Blue,Common,"Aaron Miller",3,3,(1)(U),2,1,0,0,$0.05,$0.05,35,"Streets of New Capenna",72872,555236,,0,"","","",269054,652164
"Brokers Veteran","Creature - Human Soldier",Blue,Common,"Lie Setiawan",2,1,(1)(U),2,2,1,0,$0.05,$0.06,36,"Streets of New Capenna",72873,555237,,0,"","","",268909,652088
"Case the Joint","Instant",Blue,Common,"Stella Spente",0,0,(3)(U),4,1,0,0,$0.04,$0.04,37,"Streets of New Capenna",72874,555238,,0,"","","",269056,652089
"Cut Your Losses","Sorcery",Blue,Rare,"Dominik Mayer",0,0,(4)(U)(U),6,0,0,0,$0.16,$0.22,38,"Streets of New Capenna",72875,555239,,0,"","","",268500,651624
"Disdainful Stroke","Instant",Blue,Common,"Irina Nordsol",0,0,(1)(U),2,1,0,0,$0.03,$0.11,39,"Streets of New Capenna",72876,555240,,0,"","","",268769,651834
"Echo Inspector","Creature - Bird Rogue",Blue,Common,"Lucas Graciano",2,3,(3)(U),4,1,0,0,$0.03,$0.11,40,"Streets of New Capenna",72877,555241,,0,"","","",268630,651693
"Errant, Street Artist","Legendary Creature - Human Rogue",Blue,Rare,"Justine Cruz",0,3,(U),1,1,0,0,$0.18,$0.38,41,"Streets of New Capenna",72878,555242,,0,"","","",268678,651625
"Even the Score","Instant",Blue,Mythic,"Greg Opalinski",0,0,(X)(U)(U)(U),3,0,0,0,$0.61,$0.87,42,"Streets of New Capenna",72879,555243,,0,"","","",268916,652165
"Expendable Lackey","Creature - Human Citizen",Blue,Common,"Randy Gallegos",1,1,(U),1,1,0,0,$0.03,$0.09,43,"Streets of New Capenna",72880,555244,,0,"","","",269057,652166
"Faerie Vandal","Creature - Faerie Rogue",Blue,Uncommon,"Irina Nordsol",1,2,(1)(U),2,1,0,0,$0.07,$0.12,44,"Streets of New Capenna",72881,555245,,0,"","","",268497,651626
"Hypnotic Grifter","Creature - Human Rogue",Blue,Uncommon,"Josu Hernaiz",1,2,(U),1,1,0,0,$0.05,$0.12,45,"Streets of New Capenna",72882,555246,,0,"","","",268645,651694
"Ledger Shredder","Creature - Bird Advisor",Blue,Rare,"Mila Pesic",1,3,(1)(U),2,1,1,0,$17.58,$22.52,46,"Streets of New Capenna",72883,555247,,0,"","","",268342,651255
"A Little Chat","Instant",Blue,Uncommon,"Matt Stewart",0,0,(1)(U),2,2,1,0,$0.07,$0.14,47,"Streets of New Capenna",72884,555248,,0,"","","",268341,651256
"Majestic Metamorphosis","Instant",Blue,Common,"Ben Hill",0,0,(2)(U),3,1,0,0,$0.03,$0.06,48,"Streets of New Capenna",72885,555249,,0,"","","",269064,652167
"Make Disappear","Instant",Blue,Common,"Inka Schulz",0,0,(1)(U),2,1,0,0,$0.09,$0.09,49,"Streets of New Capenna",72886,555250,,0,"","","",268455,651627
"Obscura Initiate","Creature - Bird Citizen",Blue,Common,"Kim Sokol",2,2,(2)(U),3,1,0,0,$0.04,$0.04,50,"Streets of New Capenna",72887,555251,,0,"","","",268770,651695
"An Offer You Can't Refuse","Instant",Blue,Uncommon,"Dallas Williams",0,0,(U),1,1,0,0,$0.82,$2.31,51,"Streets of New Capenna",72888,555252,,0,"","","",268317,651366
"Out of the Way","Instant",Blue,Uncommon,"Tony Foti",0,0,(3)(U),4,1,0,0,$0.04,$0.13,52,"Streets of New Capenna",72889,555253,,0,"","","",268549,652090
"Psionic Snoop","Creature - Human Rogue",Blue,Common,"Marcela Medeiros",0,3,(2)(U),3,1,0,0,$0.06,$0.08,53,"Streets of New Capenna",72890,555254,,0,"","","",268771,651696
"Psychic Pickpocket","Creature - Cephalid Rogue",Blue,Uncommon,"Will Gist",3,2,(4)(U),5,1,0,0,$0.04,$0.11,54,"Streets of New Capenna",72891,555255,,0,"","","",268540,651697
"Public Enemy","Enchantment - Aura",Blue,Uncommon,"Dominik Mayer",0,0,(2)(U),3,1,0,0,$0.07,$0.14,55,"Streets of New Capenna",72892,555256,,0,"","","",268772,651698
"Reservoir Kraken","Creature - Kraken",Blue,Rare,"Nicholas Gregory",6,6,(2)(U)(U),4,1,0,0,$0.15,$0.30,56,"Streets of New Capenna",72893,555257,,0,"","","",268773,651835
"Rooftop Nuisance","Sorcery",Blue,Common,"Svetlin Velinov",0,0,(2)(U),3,0,0,0,$0.03,$0.08,57,"Streets of New Capenna",72894,555258,,0,"","","",268679,651628
"Run Out of Town","Instant",Blue,Common,"Lucas Staniec",0,0,(3)(U),4,0,0,0,$0.02,$0.05,58,"Streets of New Capenna",72895,555259,,0,"","","",269066,652168
"Security Bypass","Enchantment - Aura",Blue,Common,"Volkan Baǵa",0,0,(1)(U),2,1,0,0,$0.06,$0.13,59,"Streets of New Capenna",72896,555260,,0,"","","",268568,651699
"Sewer Crocodile","Creature - Crocodile",Blue,Common,"Milivoj Ćeran",4,6,(5)(U),6,1,0,0,$0.03,$0.03,60,"Streets of New Capenna",72897,555261,,0,"","","",269069,652169
"Sleep with the Fishes","Enchantment - Aura",Blue,Uncommon,"Randy Gallegos",0,0,(2)(U)(U),4,1,0,0,$0.06,$0.09,61,"Streets of New Capenna",72898,555262,,0,"","","",268774,651700
"Slip Out the Back","Instant",Blue,Uncommon,"Zara Alfonso",0,0,(U),1,1,0,0,$0.14,$0.42,62,"Streets of New Capenna",72899,555263,,0,"","","",268915,652170
"Undercover Operative","Creature - Shapeshifter Rogue",Blue,Rare,"Tyler Walpole",0,0,(2)(U)(U),4,0,0,0,$0.18,$0.24,63,"Streets of New Capenna",72900,555264,,0,"","","",269072,652171
"Wingshield Agent","Creature - Human Soldier",Blue,Uncommon,"Aaron J. Riley",2,3,(2)(U),3,2,1,0,$0.05,$0.10,64,"Streets of New Capenna",72901,555265,,0,"","","",269076,652172
"Wiretapping","Enchantment",Blue,Rare,"Jason A. Engle",0,0,(4)(U),5,0,0,0,$0.12,$0.21,65,"Streets of New Capenna",72902,555266,,0,"","","",268357,651257
"Witness Protection","Enchantment - Aura",Blue,Common,"Dominik Mayer",0,0,(U),1,1,0,0,$0.11,$0.21,66,"Streets of New Capenna",72903,555267,,0,"","","",268510,651629
"Angel of Suffering","Creature - Nightmare Angel",Black,Mythic,"Martina Fackova",5,3,(3)(B)(B),5,0,0,0,$0.96,$1.83,67,"Streets of New Capenna",72904,555268,,0,"","","",268776,651836
"Body Launderer","Creature - Ogre Rogue",Black,Mythic,"Matt Stewart",3,3,(2)(B)(B),4,1,0,0,$2.16,$2.66,68,"Streets of New Capenna",72905,555269,,0,"","","",268777,651701
"Cemetery Tampering","Enchantment",Black,Rare,"Taras Susak",0,0,(2)(B),3,0,0,0,$0.18,$0.32,69,"Streets of New Capenna",72906,555270,,0,"","","",268565,651702
"Corrupt Court Official","Creature - Human Advisor",Black,Common,"Drew Baker",1,1,(1)(B),2,0,0,0,$0.04,$0.09,70,"Streets of New Capenna",72907,555271,,0,"","","",269070,652173
"Crooked Custodian","Creature - Ogre Rogue",Black,Common,"Tony Foti",3,2,(1)(B),2,1,0,0,$0.05,$0.05,71,"Streets of New Capenna",72908,555272,,0,"","","",269074,652174
"Cut of the Profits","Sorcery",Black,Rare,"Donato Giancola",0,0,(X)(B)(B),2,0,0,0,$0.15,$0.30,72,"Streets of New Capenna",72909,555273,,0,"","","",268365,651367
"Cutthroat Contender","Creature - Vampire Warrior",Black,Common,"Mark Behm",1,1,(B),1,1,1,0,$0.05,$0.06,73,"Streets of New Capenna",72910,555274,,0,"","","",269075,652175
"Deal Gone Bad","Instant",Black,Common,"Mathias Kollros",0,0,(3)(B),4,1,0,0,$0.03,$0.06,74,"Streets of New Capenna",72911,555275,,0,"","","",268906,652091
"Demon's Due","Instant",Black,Common,"Slawomir Maniak",0,0,(3)(B),4,1,1,0,$0.06,$0.13,75,"Streets of New Capenna",72912,555276,,0,"","","",269077,652176
"Dig Up the Body","Instant",Black,Common,"Greg Staples",0,0,(2)(B),3,1,0,0,$0.08,$0.08,76,"Streets of New Capenna",72913,555277,,0,"","","",268668,651630
"Dusk Mangler","Creature - Horror",Black,Uncommon,"Antonio José Manzanedo",5,4,(5)(B)(B),7,1,1,0,$0.07,$0.09,77,"Streets of New Capenna",72914,555278,,0,"","","",268779,651837
"Extract the Truth","Sorcery",Black,Common,"Josu Hernaiz",0,0,(1)(B),2,1,0,0,$0.06,$0.11,78,"Streets of New Capenna",72915,555279,,0,"","","",269079,652177
"Fake Your Own Death","Instant",Black,Common,"Kari Christensen",0,0,(1)(B),2,2,0,0,$0.06,$0.11,79,"Streets of New Capenna",72916,555280,,0,"2xMint","","2xEnglish",269082,652178
"Girder Goons","Creature - Ogre Warrior",Black,Common,"Andrew Mar",4,4,(4)(B),5,1,0,0,$0.04,$0.05,80,"Streets of New Capenna",72917,555281,,0,"","","",269084,652092
"Graveyard Shift","Sorcery",Black,Uncommon,"Liiga Smilshkalne",0,0,(4)(B),5,1,0,0,$0.07,$0.07,81,"Streets of New Capenna",72918,555282,,0,"","","",268507,651631
"Grisly Sigil","Sorcery",Black,Uncommon,"Dominik Mayer",0,0,(B),1,1,1,0,$0.04,$0.10,82,"Streets of New Capenna",72919,555283,,0,"","","",268670,651632
"Illicit Shipment","Sorcery",Black,Uncommon,"Josu Hernaiz",0,0,(3)(B)(B),5,1,0,0,$0.07,$0.09,83,"Streets of New Capenna",72920,555284,,0,"","","",268672,651633
"Incriminate","Sorcery",Black,Common,"Kieran Yanner",0,0,(1)(B),2,1,0,0,$0.06,$0.08,84,"Streets of New Capenna",72921,555285,,0,"","","",268318,651368
"Join the Maestros","Sorcery",Black,Common,"Josh Hass",0,0,(4)(B),5,1,0,0,$0.05,$0.09,85,"Streets of New Capenna",72922,555286,,0,"","","",268503,651634
"Maestros Initiate","Creature - Human Citizen",Black,Common,"Irina Nordsol",3,1,(2)(B),3,2,1,0,$0.02,$0.02,86,"Streets of New Capenna",72923,555287,,0,"","","",268452,651635
"Midnight Assassin","Creature - Vampire Assassin",Black,Common,"Christina Davis",1,2,(2)(B),3,1,0,0,$0.04,$0.06,87,"Streets of New Capenna",72924,555288,,0,"","","",269088,652179
"Murder","Instant",Black,Common,"Yongjae Choi",0,0,(1)(B)(B),3,1,0,0,$0.07,$0.07,88,"Streets of New Capenna",72925,555289,,0,"","","",268329,651258
"Night Clubber","Creature - Human Warrior",Black,Uncommon,"Joshua Raphael",2,2,(1)(B)(B),3,1,0,0,$0.07,$0.14,89,"Streets of New Capenna",72926,555290,,0,"","","",268837,652093
"Raffine's Silencer","Creature - Human Assassin",Black,Uncommon,"Fajareka Setiawan",1,1,(2)(B),3,1,0,0,$0.06,$0.14,90,"Streets of New Capenna",72927,555291,,0,"","","",268780,651838
"Revel Ruiner","Creature - Cephalid Rogue",Black,Common,"Christina Davis",3,1,(3)(B),4,1,0,0,$0.06,$0.07,91,"Streets of New Capenna",72928,555292,,0,"","","",268644,651703
"Rogues' Gallery","Sorcery",Black,Uncommon,"Matt Stewart",0,0,(2)(B),3,1,0,0,$0.07,$0.18,92,"Streets of New Capenna",72929,555293,,0,"","","",268841,652094
"Sanguine Spy","Creature - Vampire Rogue",Black,Rare,"David Palumbo",2,3,(2)(B),3,0,0,0,$0.14,$0.30,93,"Streets of New Capenna",72930,555294,,0,"","","",268781,651839
"Shadow of Mortality","Creature - Avatar",Black,Rare,"Robin Olausson",7,7,({)(1)(3)(})(B)(B),15,0,0,0,$0.26,$0.47,94,"Streets of New Capenna",72931,555295,,0,"","","",268782,651704
"Shakedown Heavy","Creature - Ogre Warrior",Black,Rare,"Randy Vargas",6,4,(2)(B),3,1,1,0,$0.27,$0.40,95,"Streets of New Capenna",72932,555296,,0,"","","",268541,651705
"Tavern Swindler","Creature - Human Rogue",Black,Uncommon,"Pauline Voss",2,2,(1)(B),2,1,0,0,$0.04,$0.04,96,"Streets of New Capenna",72933,555297,,0,"","","",268783,651840
"Tenacious Underdog","Creature - Human Warrior",Black,Rare,"Zara Alfonso",3,2,(1)(B),2,1,0,0,$0.98,$1.44,97,"Streets of New Capenna",72934,555298,,0,"","","",268942,652095
"Vampire Scrivener","Creature - Vampire Warlock",Black,Uncommon,"Bastien L. Deharme",2,2,(4)(B),5,1,0,0,$0.07,$0.20,98,"Streets of New Capenna",72935,555299,,0,"","","",268673,651636
"Whack","Sorcery",Black,Uncommon,"John Thacker",0,0,(3)(B),4,1,0,0,$0.04,$0.14,99,"Streets of New Capenna",72936,555300,,0,"","","",268914,652180
"Antagonize","Instant",Red,Common,"Gabor Szikszai",0,0,(1)(R),2,1,0,0,$0.06,$0.06,100,"Streets of New Capenna",72937,555301,,0,"","","",269060,652181
"Arcane Bombardment","Enchantment",Red,Mythic,"Marta Nael",0,0,(4)(R)(R),6,0,0,0,$2.80,$3.93,101,"Streets of New Capenna",72938,555302,,0,"","","",268433,651638
"Big Score","Instant",Red,Common,"Gaboleps",0,0,(3)(R),4,3,1,0,$0.11,$0.21,102,"Streets of New Capenna",72939,555303,,0,"3xMint","","3xEnglish",268785,651841
"Call In a Professional","Instant",Red,Uncommon,"Filip Burburan",0,0,(2)(R),3,1,0,0,$0.09,$0.09,103,"Streets of New Capenna",72940,555304,,0,"","","",268786,651842
"Daring Escape","Instant",Red,Common,"Ekaterina Burmak",0,0,(R),1,1,0,0,$0.04,$0.08,104,"Streets of New Capenna",72941,555305,,0,"","","",269061,652182
"Devilish Valet","Creature - Devil Warrior",Red,Rare,"Bud Cook",1,3,(2)(R),3,0,0,0,$0.30,$0.56,105,"Streets of New Capenna",72942,555306,,0,"","","",268358,651259
"Exhibition Magician","Creature - Human Wizard",Red,Common,"Greg Staples",2,1,(2)(R),3,1,0,0,$0.05,$0.06,106,"Streets of New Capenna",72943,555307,,0,"","","",269063,652183
"Glittering Stockpile","Artifact - Treasure",Red,Uncommon,"Brock Grossman",0,0,(2)(R),3,2,0,0,$0.12,$0.19,107,"Streets of New Capenna",72944,555308,,0,"2xMint","","2xEnglish",268838,652096
"Goldhound","Artifact Creature - Treasure Dog",Red,Common,"Donato Giancola",1,1,(R),1,1,0,0,$0.08,$0.17,108,"Streets of New Capenna",72945,555309,,0,"","","",269068,652184
"Hoard Hauler","Artifact - Vehicle",Red,Rare,"Jake Murray",5,5,(3)(R),4,1,0,0,$0.15,$0.21,109,"Streets of New Capenna",72946,555310,,0,"","","",268788,651843
"Involuntary Employment","Sorcery",Red,Uncommon,"Milivoj Ćeran",0,0,(3)(R),4,1,0,0,$0.07,$0.14,110,"Streets of New Capenna",72947,555311,,0,"","","",268842,652097
"Jackhammer","Artifact - Equipment",Red,Common,"John Severin Brassell",0,0,(1)(R),2,1,0,0,$0.05,$0.05,111,"Streets of New Capenna",72948,555312,,0,"","","",269071,652185
"Jaxis, the Troublemaker","Legendary Creature - Human Warrior",Red,Rare,"Zoltan Boros",2,3,(3)(R),4,1,0,0,$0.28,$0.40,112,"Streets of New Capenna",72949,555313,,0,"","","",268339,651260
"Light 'Em Up","Sorcery",Red,Common,"Tony Foti",0,0,(1)(R),2,1,0,0,$0.03,$0.09,113,"Streets of New Capenna",72950,555314,,0,"","","",268319,651369
"Mayhem Patrol","Creature - Devil Warrior",Red,Common,"Johan Grenier",1,2,(1)(R),2,1,0,0,$0.06,$0.12,114,"Streets of New Capenna",72951,555315,,0,"","","",268832,652098
"Plasma Jockey","Creature - Viashino Warrior",Red,Common,"Andrew Mar",3,1,(3)(R),4,2,0,0,$0.03,$0.08,115,"Streets of New Capenna",72952,555316,,0,"2xMint","","2xEnglish",269073,652099
"Professional Face-Breaker","Creature - Human Warrior",Red,Rare,"Dan Scott",2,3,(2)(R),3,0,0,0,$5.83,$6.79,116,"Streets of New Capenna",72953,555317,,0,"","","",268665,651637
"Pugnacious Pugilist","Creature - Ogre Warrior",Red,Uncommon,"Justine Cruz",4,4,(3)(R)(R),5,0,0,0,$0.07,$0.13,117,"Streets of New Capenna",72954,555318,,0,"","","",269078,652100
"Pyre-Sledge Arsonist","Creature - Viashino Shaman",Red,Uncommon,"Kekai Kotaki",2,2,(2)(R),3,1,0,0,$0.04,$0.09,118,"Streets of New Capenna",72955,555319,,0,"","","",268666,651639
"Ready to Rumble","Sorcery",Red,Common,"Josu Hernaiz",0,0,(4)(R),5,1,0,0,$0.03,$0.05,119,"Streets of New Capenna",72956,555320,,0,"","","",269080,652186
"Riveteers Initiate","Creature - Viashino Citizen",Red,Common,"Svetlin Velinov",2,2,(1)(R),2,1,0,0,$0.04,$0.04,120,"Streets of New Capenna",72957,555321,,0,"","","",268840,652101
"Riveteers Requisitioner","Creature - Viashino Rogue",Red,Uncommon,"Mark Behm",3,1,(1)(R),2,1,0,0,$0.11,$0.22,121,"Streets of New Capenna",72958,555322,,0,"","","",268908,652102
"Rob the Archives","Sorcery",Red,Uncommon,"Steve Argyle",0,0,(1)(R),2,1,0,0,$0.07,$0.11,122,"Streets of New Capenna",72959,555323,,0,"","","",268499,651640
"Sizzling Soloist","Creature - Human Citizen",Red,Uncommon,"Véronique Meignaud",3,2,(3)(R),4,2,0,0,$0.05,$0.16,123,"Streets of New Capenna",72960,555324,,0,"2xMint","","2xEnglish",268789,651844
"Sticky Fingers","Enchantment - Aura",Red,Common,"Mark Behm",0,0,(R),1,1,0,0,$0.09,$0.17,124,"Streets of New Capenna",72961,555325,,0,"1xMint","","1xEnglish",269081,652187
"Strangle","Sorcery",Red,Common,"Vincent Proce",0,0,(R),1,1,0,0,$0.11,$0.18,125,"Streets of New Capenna",72962,555326,,0,"","","",268363,651261
"Structural Assault","Sorcery",Red,Rare,"Liiga Smilshkalne",0,0,(3)(R)(R),5,0,0,0,$0.17,$0.19,126,"Streets of New Capenna",72963,555327,,0,"","","",268918,652188
"Torch Breath","Instant",Red,Uncommon,"Cristi Balanescu",0,0,(X)(R),1,1,0,0,$0.08,$0.12,127,"Streets of New Capenna",72964,555328,,0,"","","",268907,652189
"Unlucky Witness","Creature - Human Citizen",Red,Uncommon,"Tyler Walpole",1,1,(R),1,1,0,0,$0.10,$0.30,128,"Streets of New Capenna",72965,555329,,0,"","","",268505,651641
"Urabrask, Heretic Praetor","Legendary Creature - Phyrexian Praetor",Red,Mythic,"Simon Dominic",4,4,(3)(R)(R),5,0,0,0,$4.41,$6.00,129,"Streets of New Capenna",72966,555330,,0,"","","",268361,651370
"Widespread Thieving","Enchantment",Red,Rare,"Andrew Mar",0,0,(2)(R),3,0,0,0,$0.13,$0.18,130,"Streets of New Capenna",72967,555331,,0,"","","",268941,652103
"Witty Roastmaster","Creature - Devil Citizen",Red,Common,"Joe Slucher",3,2,(2)(R),3,2,1,0,$0.09,$0.18,131,"Streets of New Capenna",72968,555332,,0,"","","",268790,651845
"Wrecking Crew","Creature - Human Warrior",Red,Common,"Joshua Raphael",4,5,(4)(R),5,1,0,0,$0.06,$0.06,132,"Streets of New Capenna",72969,555333,,0,"","","",269083,652190
"Attended Socialite","Creature - Elf Druid",Green,Common,"Drew Baker",2,1,(1)(G),2,1,0,0,$0.04,$0.16,133,"Streets of New Capenna",72970,555334,,0,"","","",268739,651846
"Bootleggers' Stash","Artifact",Green,Mythic,"Anastasia Ovchinnikova",0,0,(5)(G),6,0,0,0,$14.57,$14.57,134,"Streets of New Capenna",72971,555335,,0,"","","",268940,652104
"Bouncer's Beatdown","Instant",Green,Uncommon,"Mathias Kollros",0,0,(2)(G),3,1,0,0,$0.05,$0.07,135,"Streets of New Capenna",72972,555336,,0,"","","",269093,652191
"Broken Wings","Instant",Green,Common,"Irina Nordsol",0,0,(2)(G),3,1,0,0,$0.05,$0.06,136,"Streets of New Capenna",72973,555337,,0,"","","",269096,652192
"Cabaretti Initiate","Creature - Raccoon Citizen",Green,Common,"Jason A. Engle",1,2,(G),1,1,0,0,$0.05,$0.07,137,"Streets of New Capenna",72974,555338,,0,"","","",268791,651847
"Caldaia Strongarm","Creature - Human Warrior",Green,Common,"Randy Vargas",2,3,(4)(G),5,1,0,0,$0.05,$0.07,138,"Streets of New Capenna",72975,555339,,0,"","","",268843,652105
"Capenna Express","Artifact - Vehicle",Green,Common,"Viko Menezes",6,6,(3)(G),4,1,0,0,$0.06,$0.11,139,"Streets of New Capenna",72976,555340,,0,"","","",269098,652193
"Civic Gardener","Creature - Human Citizen",Green,Common,"Drew Baker",2,2,(1)(G),2,2,1,0,$0.05,$0.05,140,"Streets of New Capenna",72977,555341,,0,"","","",269100,652194
"Cleanup Crew","Creature - Human Citizen",Green,Uncommon,"Josu Hernaiz",6,6,(4)(G)(G),6,1,0,0,$0.07,$0.07,141,"Streets of New Capenna",72978,555342,,0,"1xMint","","1xEnglish",269104,652106
"Courier's Briefcase","Artifact - Treasure",Green,Uncommon,"Josu Hernaiz",0,0,(1)(G),2,1,0,0,$0.07,$0.19,142,"Streets of New Capenna",72979,555343,,0,"","","",268332,651371
"Elegant Entourage","Creature - Elf Druid",Green,Uncommon,"Jodie Muir",4,4,(3)(G),4,1,0,0,$0.05,$0.23,143,"Streets of New Capenna",72980,555344,,0,"","","",268792,651848
"Evolving Door","Artifact",Green,Rare,"Drew Baker",0,0,(2)(G),3,0,0,0,$0.12,$0.22,144,"Streets of New Capenna",72981,555345,,0,"","","",268508,651642
"Fight Rigging","Enchantment",Green,Rare,"Daarken",0,0,(2)(G),3,1,0,0,$0.24,$0.43,145,"Streets of New Capenna",72982,555346,,0,"","","",268664,651643
"For the Family","Instant",Green,Common,"Kieran Yanner",0,0,(G),1,1,0,0,$0.05,$0.07,146,"Streets of New Capenna",72983,555347,,0,"","","",269106,652195
"Freelance Muscle","Creature - Rhino Warrior",Green,Uncommon,"Randy Vargas",4,4,(4)(G),5,1,0,0,$0.07,$0.14,147,"Streets of New Capenna",72984,555348,,0,"1xMint","","1xEnglish",268793,651849
"Gala Greeters","Creature - Elf Druid",Green,Rare,"Bud Cook",1,1,(1)(G),2,0,0,0,$0.34,$0.41,148,"Streets of New Capenna",72985,555349,,0,"","","",268366,651262
"Glittermonger","Creature - Elf Rogue",Green,Common,"Evyn Fong",1,4,(3)(G),4,1,0,0,$0.06,$0.15,149,"Streets of New Capenna",72986,555350,,0,"","","",269109,652196
"High-Rise Sawjack","Creature - Elf Citizen",Green,Common,"Randy Vargas",2,3,(2)(G),3,1,0,0,$0.06,$0.14,150,"Streets of New Capenna",72987,555351,,0,"","","",269110,652197
"Jewel Thief","Creature - Cat Rogue",Green,Common,"Joe Slucher",3,3,(2)(G),3,1,0,0,$0.09,$0.16,151,"Streets of New Capenna",72988,555352,,0,"","","",268829,652107
"Luxurious Libation","Instant",Green,Uncommon,"Joe Slucher",0,0,(X)(G),1,0,0,0,$0.06,$0.06,152,"Streets of New Capenna",72989,555353,,0,"","","",268506,651644
"Most Wanted","Enchantment - Aura",Green,Common,"Rémi Jacquot",0,0,(2)(G),3,1,0,0,$0.05,$0.05,153,"Streets of New Capenna",72990,555354,,0,"","","",269111,652198
"Prizefight","Instant",Green,Common,"Deruchenko Alexander",0,0,(1)(G),2,1,0,0,$0.07,$0.13,154,"Streets of New Capenna",72991,555355,,0,"","","",269112,652199
"Rhox Pummeler","Creature - Rhino Soldier",Green,Common,"Gabor Szikszai",6,3,(5)(G),6,1,0,0,$0.05,$0.10,155,"Streets of New Capenna",72992,555356,,0,"","","",269113,652200
"Riveteers Decoy","Creature - Human Warrior",Green,Uncommon,"Inka Schulz",3,1,(1)(G),2,2,1,0,$0.06,$0.06,156,"Streets of New Capenna",72993,555357,,0,"","","",269103,652108
"Social Climber","Creature - Human Druid",Green,Common,"Carly Mazur",3,2,(2)(G),3,1,0,0,$0.07,$0.07,157,"Streets of New Capenna",72994,555358,,0,"","","",268746,651850
"Take to the Streets","Sorcery",Green,Uncommon,"Matt Forsyth",0,0,(4)(G),5,1,0,0,$0.03,$0.03,158,"Streets of New Capenna",72995,555359,,0,"","","",269097,652109
"Titan of Industry","Creature - Elemental",Green,Mythic,"Lucas Staniec",7,7,(4)(G)(G)(G),7,0,0,0,$4.32,$5.07,159,"Streets of New Capenna",72996,555360,,0,"","","",268973,652201
"Topiary Stomper","Creature - Plant Dinosaur",Green,Rare,"Robin Olausson",4,4,(1)(G)(G),3,1,0,0,$0.58,$0.71,160,"Streets of New Capenna",72997,555361,,0,"","","",268570,651706
"Venom Connoisseur","Creature - Human Druid",Green,Uncommon,"Marta Nael",2,2,(1)(G),2,1,0,0,$0.07,$0.14,161,"Streets of New Capenna",72998,555362,,0,"","","",268794,651851
"Vivien on the Hunt","Legendary Planeswalker - Vivien",Green,Mythic,"Jake Murray",0,0,(4)(G)(G),6,0,0,0,$6.26,$8.14,162,"Streets of New Capenna",72999,555363,,0,"","","",268431,651372
"Voice of the Vermin","Creature - Human Citizen",Green,Uncommon,"Irina Nordsol",2,2,(3)(G),4,1,0,0,$0.05,$0.07,163,"Streets of New Capenna",73000,555364,,0,"","","",269094,652202
"Warm Welcome","Instant",Green,Common,"Inka Schulz",0,0,(2)(G),3,1,0,0,$0.05,$0.06,164,"Streets of New Capenna",73001,555365,,0,"","","",269091,652203
"Workshop Warchief","Creature - Rhino Warrior",Green,Rare,"Zoltan Boros",5,3,(3)(G)(G),5,0,0,0,$0.24,$0.35,165,"Streets of New Capenna",73002,555366,,0,"","","",268943,652110
"Aven Heartstabber","Creature - Bird Assassin",Multicolors,Rare,"Dan Scott",1,1,(U)(B),2,0,0,0,$0.14,$0.29,166,"Streets of New Capenna",73003,555367,,0,"","","",268795,651707
"Black Market Tycoon","Creature - Cat Rogue",Multicolors,Rare,"Brock Grossman",2,2,(R)(G),2,1,0,0,$0.16,$0.31,167,"Streets of New Capenna",73004,555368,,0,"","","",268517,651645
"Body Dropper","Creature - Devil Warrior",Multicolors,Common,"Jakub Kasper",2,2,(B)(R),2,1,0,0,$0.06,$0.13,168,"Streets of New Capenna",73005,555369,,0,"","","",268796,651852
"Brazen Upstart","Creature - Elf Shaman",Multicolors,Uncommon,"Dallas Williams",4,2,(R)(G)(W),3,1,0,0,$0.05,$0.09,169,"Streets of New Capenna",73006,555370,,0,"","","",268747,651853
"Brokers Ascendancy","Enchantment",Multicolors,Rare,"Dallas Williams",0,0,(G)(W)(U),3,0,0,0,$0.70,$1.00,170,"Streets of New Capenna",73007,555371,,0,"","","",265342,611274
"Brokers Charm","Instant",Multicolors,Uncommon,"Steve Argyle",0,0,(G)(W)(U),3,1,0,0,$0.09,$0.20,171,"Streets of New Capenna",73008,555372,,0,"","","",268251,651159
"Cabaretti Ascendancy","Enchantment",Multicolors,Rare,"Kari Christensen",0,0,(R)(G)(W),3,1,0,0,$0.15,$0.26,172,"Streets of New Capenna",73009,555373,,0,"1xMint","","1xEnglish",268797,651854
"Cabaretti Charm","Instant",Multicolors,Uncommon,"Steve Argyle",0,0,(R)(G)(W),3,2,0,0,$0.08,$0.17,173,"Streets of New Capenna",73010,555374,,0,"2xMint","","2xEnglish",267974,650862
"Celestial Regulator","Creature - Angel Advisor",Multicolors,Common,"Mathias Kollros",2,3,(1)(W)(U),3,1,0,0,$0.05,$0.09,174,"Streets of New Capenna",73011,555375,,0,"","","",268798,651855
"Ceremonial Groundbreaker","Artifact - Equipment",Multicolors,Uncommon,"Drew Baker",0,0,(1)(G)(W),3,1,1,0,$0.06,$0.07,175,"Streets of New Capenna",73012,555376,,0,"","","",268663,651646
"Civil Servant","Creature - Cat Citizen",Multicolors,Common,"Tony Foti",2,3,(G)(W),2,1,0,0,$0.06,$0.06,176,"Streets of New Capenna",73013,555377,,0,"","","",268839,652111
"Cormela, Glamour Thief","Legendary Creature - Vampire Rogue",Multicolors,Uncommon,"Bram Sels",2,4,(1)(U)(B)(R),4,1,0,0,$0.08,$0.18,177,"Streets of New Capenna",73014,555378,,0,"","","",268461,651647
"Corpse Appraiser","Creature - Vampire Rogue",Multicolors,Uncommon,"Josh Hass",3,3,(U)(B)(R),3,1,0,0,$0.08,$0.10,178,"Streets of New Capenna",73015,555379,,0,"","","",268662,651648
"Corpse Explosion","Sorcery",Multicolors,Rare,"Greg Staples",0,0,(1)(B)(R),3,1,1,0,$0.26,$0.38,179,"Streets of New Capenna",73016,555380,,0,"1xMint","","1xEnglish",268954,652112
"Crew Captain","Creature - Human Warrior",Multicolors,Uncommon,"Jakub Kasper",4,2,(B)(R)(G),3,1,0,0,$0.04,$0.07,180,"Streets of New Capenna",73017,555381,,0,"","","",268945,652113
"Darling of the Masses","Creature - Elf Citizen",Multicolors,Uncommon,"Mila Pesic",2,4,(2)(G)(W),4,0,0,0,$0.04,$0.19,181,"Streets of New Capenna",73018,555382,,0,"","","",269124,652114
"Disciplined Duelist","Creature - Human Citizen",Multicolors,Uncommon,"Josu Hernaiz",2,1,(G)(W)(U),3,0,0,0,$0.07,$0.11,182,"Streets of New Capenna",73019,555383,,0,"","","",268338,651263
"Endless Detour","Instant",Multicolors,Rare,"Eddie Mendoza",0,0,(G)(W)(U),3,0,0,0,$0.17,$0.19,183,"Streets of New Capenna",73020,555384,,0,"","","",268903,652204
"Evelyn, the Covetous","Legendary Creature - Vampire Rogue",Multicolors,Rare,"Marta Nael",2,5,(2)({)(U)(/)(B)(})(B)(BR),5,0,0,0,$0.14,$0.30,184,"Streets of New Capenna",73021,555385,,0,"","","",268458,651649
"Exotic Pets","Instant",Multicolors,Uncommon,"Drew Baker",0,0,(1)(W)(U),3,1,0,0,$0.07,$0.15,185,"Streets of New Capenna",73022,555386,,0,"","","",268511,651650
"Falco Spara, Pactweaver","Legendary Creature - Bird Demon",Multicolors,Mythic,"Kieran Yanner",3,3,(1)(G)(W)(U),4,1,0,0,$1.48,$2.46,186,"Streets of New Capenna",73023,555387,,0,"","","",268335,651373
"Fatal Grudge","Sorcery",Multicolors,Uncommon,"Cristi Balanescu",0,0,(B)(R),2,1,0,0,$0.11,$0.11,187,"Streets of New Capenna",73024,555388,,0,"","","",268743,651856
"Fleetfoot Dancer","Creature - Elf Druid",Multicolors,Rare,"Joshua Raphael",4,4,(1)(R)(G)(W),4,0,0,0,$0.15,$0.32,188,"Streets of New Capenna",73025,555389,,0,"","","",268737,651857
"Forge Boss","Creature - Human Warrior",Multicolors,Uncommon,"Igor Kieryluk",3,4,(2)(B)(R),4,1,0,0,$0.07,$0.10,189,"Streets of New Capenna",73026,555390,,0,"","","",268660,651651
"Glamorous Outlaw","Creature - Vampire Rogue",Multicolors,Common,"Maria Zolotukhina",4,5,(3)(U)(B)(R),6,0,0,0,$0.04,$0.07,190,"Streets of New Capenna",73027,555391,,0,"","","",269020,652205
"Hostile Takeover","Sorcery",Multicolors,Rare,"Vincent Proce",0,0,(2)(U)(B)(R),5,1,0,0,$0.10,$0.18,191,"Streets of New Capenna",73028,555392,,0,"","","",268657,651652
"Incandescent Aria","Sorcery",Multicolors,Rare,"Randy Gallegos",0,0,(R)(G)(W),3,0,0,0,$0.13,$0.16,192,"Streets of New Capenna",73029,555393,,0,"","","",268741,651858
"Jetmir, Nexus of Revels","Legendary Creature - Cat Demon",Multicolors,Mythic,"Ryan Pancoast",5,4,(1)(R)(G)(W),4,0,0,0,$2.97,$4.09,193,"Streets of New Capenna",73030,555394,,0,"","","",267925,650983
"Jetmir's Fixer","Creature - Cat Warrior",Multicolors,Common,"John Thacker",2,2,(R)(G),2,1,0,0,$0.05,$0.05,194,"Streets of New Capenna",73031,555395,,0,"","","",268905,652115
"Jinnie Fay, Jetmir's Second","Legendary Creature - Elf Druid",Multicolors,Rare,"David Gaillet",3,3,(RG)(G)(GW),3,1,0,0,$0.36,$0.68,195,"Streets of New Capenna",73032,555396,,0,"","","",268744,651859
"Lagrella, the Magpie","Legendary Creature - Human Soldier",Multicolors,Uncommon,"Donato Giancola",2,3,(G)(W)(U),3,1,0,0,$0.09,$0.18,196,"Streets of New Capenna",73033,555397,,0,"","","",269086,652206
"Lord Xander, the Collector","Legendary Creature - Vampire Demon Noble",Multicolors,Mythic,"Martina Fackova",6,6,(4)(U)(B)(R),7,0,0,0,$3.26,$4.99,197,"Streets of New Capenna",73034,555398,,0,"","","",267923,650984
"Maestros Ascendancy","Enchantment",Multicolors,Rare,"Jodie Muir",0,0,(U)(B)(R),3,1,0,0,$0.16,$0.26,198,"Streets of New Capenna",73035,555399,,0,"","","",268655,651653
"Maestros Charm","Instant",Multicolors,Uncommon,"Steve Argyle",0,0,(U)(B)(R),3,1,1,0,$0.09,$0.27,199,"Streets of New Capenna",73036,555400,,0,"","","",267977,650856
"Maestros Diabolist","Creature - Vampire Warrior",Multicolors,Rare,"Bastien L. Deharme",1,4,(U)(B)(R),3,1,0,0,$0.11,$0.22,200,"Streets of New Capenna",73037,555401,,0,"","","",268457,651654
"Masked Bandits","Creature - Raccoon Rogue",Multicolors,Common,"Micah Epstein",5,5,(3)(B)(R)(G),6,2,1,0,$0.04,$0.07,201,"Streets of New Capenna",73038,555402,,0,"","","",268949,652116
"Meeting of the Five","Sorcery",Multicolors,Mythic,"Dominik Mayer",0,0,(3)(W)(U)(B)(R)(G),8,1,0,0,$0.17,$0.17,202,"Streets of New Capenna",73039,555403,,0,"","","",269087,652207
"Metropolis Angel","Creature - Angel Soldier",Multicolors,Uncommon,"Lie Setiawan",3,1,(2)(W)(U),4,0,0,0,$0.09,$0.19,203,"Streets of New Capenna",73040,555404,,0,"","","",268800,651708
"Mr. Orfeo, the Boulder","Legendary Creature - Rhino Warrior",Multicolors,Uncommon,"Daarken",2,4,(1)(B)(R)(G),4,2,1,0,$0.09,$0.12,204,"Streets of New Capenna",73041,555405,,0,"","","",268833,652117
"Nimble Larcenist","Creature - Bird Rogue",Multicolors,Uncommon,"Volkan Baǵa",2,1,(W)(U)(B),3,1,0,0,$0.12,$0.20,205,"Streets of New Capenna",73042,555406,,0,"","","",268430,651374
"Ob Nixilis, the Adversary","Legendary Planeswalker - Nixilis",Multicolors,Mythic,"Yongjae Choi",0,0,(1)(B)(R),3,1,0,0,$26.24,$40.12,206,"Streets of New Capenna",73043,555407,,0,"","","",268359,651375
"Obscura Ascendancy","Enchantment",Multicolors,Rare,"Igor Krstic",0,0,(W)(U)(B),3,1,0,0,$0.11,$0.16,207,"Streets of New Capenna",73044,555408,,0,"","","",268802,651731
"Obscura Charm","Instant",Multicolors,Uncommon,"Steve Argyle",0,0,(W)(U)(B),3,1,0,0,$0.15,$0.37,208,"Streets of New Capenna",73045,555409,,0,"","","",267673,650858
"Obscura Interceptor","Creature - Cephalid Wizard",Multicolors,Rare,"Jason A. Engle",3,1,(1)(W)(U)(B),4,1,0,0,$0.20,$0.50,209,"Streets of New Capenna",73046,555410,,0,"","","",268520,651709
"Ognis, the Dragon's Lash","Legendary Creature - Viashino Warrior",Multicolors,Rare,"Andreas Zafiratos",3,3,(1)(BR)(R)(RG),4,1,0,0,$0.18,$0.63,210,"Streets of New Capenna",73047,555411,,0,"","","",268830,652118
"Park Heights Pegasus","Creature - Pegasus",Multicolors,Rare,"Randy Gallegos",2,1,(G)(W),2,0,0,0,$0.13,$0.15,211,"Streets of New Capenna",73048,555412,,0,"","","",268803,651860
"Queza, Augur of Agonies","Legendary Creature - Cephalid Advisor",Multicolors,Uncommon,"Josh Hass",3,4,(1)(W)(U)(B),4,0,0,0,$0.12,$0.28,212,"Streets of New Capenna",73049,555413,,0,"","","",268804,651710
"Raffine, Scheming Seer","Legendary Creature - Sphinx Demon",Multicolors,Mythic,"Johannes Voss",1,4,(W)(U)(B),3,1,0,0,$8.56,$13.77,213,"Streets of New Capenna",73050,555414,,0,"","","",267921,650985
"Rakish Revelers","Creature - Elf Druid Rogue",Multicolors,Common,"Alessandra Pisano",5,3,(2)(R)(G)(W),5,2,1,0,$0.10,$0.10,214,"Streets of New Capenna",73051,555415,,0,"","","",268738,651861
"Rigo, Streetwise Mentor","Legendary Creature - Cat Citizen",Multicolors,Rare,"Scott Murphy",2,2,(GW)(W)(WU),3,0,0,0,$0.11,$0.17,215,"Streets of New Capenna",73052,555416,,0,"","","",268900,652208
"Riveteers Ascendancy","Enchantment",Multicolors,Rare,"Svetlin Velinov",0,0,(B)(R)(G),3,0,0,0,$0.27,$0.35,216,"Streets of New Capenna",73053,555417,,0,"","","",268835,652119
"Riveteers Charm","Instant",Multicolors,Uncommon,"Steve Argyle",0,0,(B)(R)(G),3,1,0,0,$0.15,$0.43,217,"Streets of New Capenna",73054,555418,,0,"","","",268075,651036
"Rocco, Cabaretti Caterer","Legendary Creature - Elf Druid",Multicolors,Uncommon,"Chris Seaman",3,1,(X)(R)(G)(W),3,1,1,0,$0.10,$0.22,218,"Streets of New Capenna",73055,555419,,0,"","","",268806,651862
"Scheming Fence","Creature - Human Citizen",Multicolors,Rare,"Cristi Balanescu",2,3,(W)(U),2,0,0,0,$0.41,$0.65,219,"Streets of New Capenna",73056,555420,,0,"","","",268807,651863
"Security Rhox","Creature - Rhino Warrior",Multicolors,Uncommon,"Lie Setiawan",5,4,(2)(R)(G),4,1,0,0,$0.08,$0.08,220,"Streets of New Capenna",73057,555421,,0,"","","",268504,651655
"Shattered Seraph","Creature - Angel Rogue",Multicolors,Common,"Bastien L. Deharme",4,4,(4)(W)(U)(B),7,1,0,0,$0.06,$0.09,221,"Streets of New Capenna",73058,555422,,0,"","","",268808,651711
"Snooping Newsie","Creature - Human Rogue",Multicolors,Common,"E. M. Gist",2,2,(U)(B),2,2,1,0,$0.06,$0.07,222,"Streets of New Capenna",73059,555423,,0,"","","",268502,651656
"Soul of Emancipation","Creature - Avatar",Multicolors,Rare,"Eric Deschamps",5,7,(4)(G)(W)(U),7,0,0,0,$0.08,$0.08,223,"Streets of New Capenna",73060,555424,,0,"","","",268898,652209
"Spara's Adjudicators","Creature - Cat Citizen",Multicolors,Common,"Aaron J. Riley",4,4,(2)(G)(W)(U),5,1,0,0,$0.07,$0.13,224,"Streets of New Capenna",73061,555425,,0,"","","",269089,652210
"Stimulus Package","Enchantment",Multicolors,Uncommon,"Robin Olausson",0,0,(2)(R)(G),4,1,0,0,$0.10,$0.11,225,"Streets of New Capenna",73062,555426,,0,"1xMint","","1xEnglish",268751,651864
"Syndicate Infiltrator","Creature - Vampire Wizard",Multicolors,Uncommon,"Mila Pesic",3,3,(2)(U)(B),4,1,0,0,$0.05,$0.06,226,"Streets of New Capenna",73063,555427,,0,"","","",268809,651865
"Tainted Indulgence","Instant",Multicolors,Uncommon,"Inka Schulz",0,0,(U)(B),2,1,0,0,$0.58,$1.84,227,"Streets of New Capenna",73064,555428,,0,"","","",268811,651712
"Toluz, Clever Conductor","Legendary Creature - Human Rogue",Multicolors,Rare,"Donato Giancola",3,1,(WU)(U)({)(U)(/)(B)(}),3,1,0,0,$0.13,$0.24,228,"Streets of New Capenna",73065,555429,,0,"","","",268538,651713
"Unleash the Inferno","Instant",Multicolors,Rare,"Zoltan Boros",0,0,(1)(B)(R)(G),4,1,0,0,$0.14,$0.24,229,"Streets of New Capenna",73066,555430,,0,"","","",268646,651714
"Void Rend","Instant",Multicolors,Rare,"Rovina Cai",0,0,(W)(U)(B),3,1,0,0,$2.58,$3.55,230,"Streets of New Capenna",73067,555431,,0,"","","",268812,651715
"Ziatora, the Incinerator","Legendary Creature - Demon Dragon",Multicolors,Mythic,"Chris Rahn",6,6,(3)(B)(R)(G),6,0,0,0,$3.53,$4.60,231,"Streets of New Capenna",73068,555432,,0,"","","",268340,651376
"Ziatora's Envoy","Creature - Viashino Warrior",Multicolors,Rare,"Tuan Duong Chu",5,4,(1)(B)(R)(G),4,0,0,0,$0.15,$0.27,232,"Streets of New Capenna",73069,555433,,0,"","","",268911,652211
"Arc Spitter","Artifact - Equipment",Colorless,Uncommon,"Matt Forsyth",0,0,(1),1,2,1,0,$0.03,$0.08,233,"Streets of New Capenna",73070,555434,,0,"","","",268653,651657
"Brass Knuckles","Artifact - Equipment",Colorless,Uncommon,"Yeong-Hao Han",0,0,(4),4,1,0,0,$0.08,$0.09,234,"Streets of New Capenna",73071,555435,,0,"","","",268844,652120
"Cement Shoes","Artifact - Equipment",Colorless,Uncommon,"Mark Behm",0,0,(1),1,1,0,0,$0.03,$0.09,235,"Streets of New Capenna",73072,555436,,0,"","","",269090,652121
"Chrome Cat","Artifact Creature - Cat",Colorless,Common,"Joe Slucher",3,2,(3),3,1,0,0,$0.04,$0.09,236,"Streets of New Capenna",73073,555437,,0,"","","",268364,651264
"Getaway Car","Artifact - Vehicle",Colorless,Rare,"Donato Giancola",4,3,(3),3,1,0,0,$0.11,$0.19,237,"Streets of New Capenna",73074,555438,,0,"","","",268360,651377
"Gilded Pinions","Artifact - Equipment",Colorless,Common,"Irina Nordsol",0,0,(2),2,1,0,0,$0.05,$0.08,238,"Streets of New Capenna",73075,555439,,0,"","","",269092,652212
"Halo Scarab","Artifact Creature - Insect",Colorless,Common,"Khurrum",2,1,(2),2,1,0,0,$0.03,$0.04,239,"Streets of New Capenna",73076,555440,,0,"","","",269095,652213
"Luxior, Giada's Gift","Legendary Artifact - Equipment",Colorless,Mythic,"Volkan Baǵa",0,0,(1),1,0,0,0,$13.05,$16.99,240,"Streets of New Capenna",73077,555441,,0,"","","",268536,651766
"Ominous Parcel","Artifact",Colorless,Common,"Joe Slucher",0,0,(1),1,1,0,0,$0.02,$0.03,241,"Streets of New Capenna",73078,555442,,0,"1xMint","","1xEnglish",269099,652214
"Paragon of Modernity","Artifact Creature - Angel Warrior",Colorless,Common,"Volkan Baǵa",2,2,(4),4,1,0,0,$0.04,$0.13,242,"Streets of New Capenna",73079,555443,,0,"","","",269101,652215
"Quick-Draw Dagger","Artifact - Equipment",Colorless,Common,"Ovidio Cartagena",0,0,(3),3,0,0,0,$0.02,$0.09,243,"Streets of New Capenna",73080,555444,,0,"","","",269102,652216
"Scuttling Butler","Artifact Creature - Construct",Colorless,Uncommon,"Gaboleps",4,1,(3),3,1,0,0,$0.03,$0.05,244,"Streets of New Capenna",73081,555445,,0,"","","",269105,652122
"Suspicious Bookcase","Artifact Creature - Wall",Colorless,Uncommon,"Josu Hernaiz",0,4,(2),2,1,0,0,$0.09,$0.09,245,"Streets of New Capenna",73082,555446,,0,"","","",268544,651658
"Unlicensed Hearse","Artifact - Vehicle",Colorless,Rare,"Chris Seaman",0,0,(2),2,1,0,0,$5.15,$8.36,246,"Streets of New Capenna",73083,555447,,0,"","","",268735,651866
"Botanical Plaza","Land",Colorless,Common,"Grady Frederick",0,0,,0,1,0,0,$0.11,$0.11,247,"Streets of New Capenna",73084,555448,,0,"","","",268326,651378
"Brokers Hideout","Land",Colorless,Common,"James Paick",0,0,,0,2,1,0,$0.07,$0.18,248,"Streets of New Capenna",73085,555449,,0,"","","",269107,652218
"Cabaretti Courtyard","Land",Colorless,Common,"Kasia 'Kafis' Zielińska",0,0,,0,2,0,0,$0.09,$0.14,249,"Streets of New Capenna",73086,555450,,0,"2xMint","","2xEnglish",268758,651867
"Jetmir's Garden","Land - Mountain Forest Plains",Colorless,Rare,"Kasia 'Kafis' Zielińska",0,0,,0,1,0,0,$8.52,$9.57,250,"Streets of New Capenna",73087,555451,,0,"","","",265346,611269
"Maestros Theater","Land",Colorless,Common,"Jokubas Uogintas",0,0,,0,1,0,0,$0.09,$0.15,251,"Streets of New Capenna",73088,555452,,0,"","","",268443,651659
"Obscura Storefront","Land",Colorless,Common,"Muhammad Firdaus",0,0,,0,1,0,0,$0.08,$0.16,252,"Streets of New Capenna",73089,555453,,0,"","","",268759,651716
"Racers' Ring","Land",Colorless,Common,"Sam White",0,0,,0,1,0,0,$0.12,$0.12,253,"Streets of New Capenna",73090,555454,,0,"","","",268320,651379
"Raffine's Tower","Land - Plains Island Swamp",Colorless,Rare,"Sam White",0,0,,0,0,0,0,$12.04,$13.43,254,"Streets of New Capenna",73091,555455,,0,"","","",265349,611270
"Riveteers Overlook","Land",Colorless,Common,"Lucas Staniec",0,0,,0,2,1,0,$0.08,$0.18,255,"Streets of New Capenna",73092,555456,,0,"","","",269108,652217
"Skybridge Towers","Land",Colorless,Common,"Muhammad Firdaus",0,0,,0,1,0,0,$0.08,$0.08,256,"Streets of New Capenna",73093,555457,,0,"","","",268321,651380
"Spara's Headquarters","Land - Forest Plains Island",Colorless,Rare,"Kieran Yanner",0,0,,0,0,0,0,$9.84,$11.88,257,"Streets of New Capenna",73094,555458,,0,"","","",265348,611271
"Tramway Station","Land",Colorless,Common,"Alexander Forssberg",0,0,,0,1,0,0,$0.09,$0.09,258,"Streets of New Capenna",73095,555459,,0,"","","",268322,651381
"Waterfront District","Land",Colorless,Common,"Alexander Forssberg",0,0,,0,1,0,0,$0.10,$0.10,259,"Streets of New Capenna",73096,555460,,0,"","","",268328,651382
"Xander's Lounge","Land - Island Swamp Mountain",Colorless,Rare,"James Paick",0,0,,0,1,0,0,$9.39,$11.04,260,"Streets of New Capenna",73097,555461,,0,"","","",265350,611272
"Ziatora's Proving Ground","Land - Swamp Mountain Forest",Colorless,Rare,"Viko Menezes",0,0,,0,1,0,0,$9.58,$11.63,261,"Streets of New Capenna",73098,555462,,0,"","","",265351,611273
"Plains","Basic Land - Plains",Colorless,Common,"Sam Burley",0,0,,0,3,1,0,$0.04,$0.13,262,"Streets of New Capenna",73099,559345,,0,"3xMint","","3xEnglish",268408,651265
"Plains","Basic Land - Plains",Colorless,Common,"Thomas Stoop",0,0,,0,2,1,0,$0.03,$0.12,263,"Streets of New Capenna",73100,559346,,0,"","","",268409,651266
"Island","Basic Land - Island",Colorless,Common,"Sam Burley",0,0,,0,2,1,0,$0.05,$0.18,264,"Streets of New Capenna",73101,559347,,0,"","","",268410,651267
"Island","Basic Land - Island",Colorless,Common,"Jedd Chevrier",0,0,,0,2,1,0,$0.03,$0.16,265,"Streets of New Capenna",73102,559348,,0,"","","",268411,651268
"Swamp","Basic Land - Swamp",Colorless,Common,"Christian Dimitrov",0,0,,0,2,1,0,$0.07,$0.14,266,"Streets of New Capenna",73103,559349,,0,"","","",268412,651269
"Swamp","Basic Land - Swamp",Colorless,Common,"Adam Paquette",0,0,,0,2,1,0,$0.05,$0.16,267,"Streets of New Capenna",73104,559350,,0,"","","",268413,651270
"Mountain","Basic Land - Mountain",Colorless,Common,"Christian Dimitrov",0,0,,0,3,1,0,$0.07,$0.09,268,"Streets of New Capenna",73105,559351,,0,"3xMint","","3xEnglish",268414,651271
"Mountain","Basic Land - Mountain",Colorless,Common,"Adam Paquette",0,0,,0,2,1,0,$0.05,$0.08,269,"Streets of New Capenna",73106,559352,,0,"","","",268415,651272
"Forest","Basic Land - Forest",Colorless,Common,"Christian Dimitrov",0,0,,0,3,1,0,$0.08,$0.12,270,"Streets of New Capenna",73107,559353,,0,"3xMint","","3xEnglish",268416,651273
"Forest","Basic Land - Forest",Colorless,Common,"Thomas Stoop",0,0,,0,2,1,0,$0.05,$0.16,271,"Streets of New Capenna",73108,559354,,0,"","","",268417,651274
"Plains","Basic Land - Plains",Colorless,Common,"Elektrodeko",0,0,,0,1,0,0,$0.16,$0.38,272,"Streets of New Capenna",73109,559455,,0,"","","",265353,611259
"Plains","Basic Land - Plains",Colorless,Common,"Olga Tereshenko",0,0,,0,1,0,0,$0.15,$0.37,273,"Streets of New Capenna",73110,559456,,0,"","","",265352,611260
"Island","Basic Land - Island",Colorless,Common,"Matteo Bassini",0,0,,0,2,1,0,$0.20,$0.43,274,"Streets of New Capenna",73111,559457,,0,"","","",265354,611261
"Island","Basic Land - Island",Colorless,Common,"W.Flemming",0,0,,0,1,0,0,$0.14,$0.32,275,"Streets of New Capenna",73112,559458,,0,"","","",265355,611262
"Swamp","Basic Land - Swamp",Colorless,Common,"Matteo Bassini",0,0,,0,1,0,0,$0.18,$0.43,276,"Streets of New Capenna",73113,559459,,0,"","","",265358,611263
"Swamp","Basic Land - Swamp",Colorless,Common,"Zoran Cardula",0,0,,0,1,1,0,$0.18,$0.27,277,"Streets of New Capenna",73114,559460,,0,"","","",265359,611264
"Mountain","Basic Land - Mountain",Colorless,Common,"Zbigniew M. Bielak",0,0,,0,0,0,0,$0.17,$0.32,278,"Streets of New Capenna",73115,559461,,0,"","","",265357,611265
"Mountain","Basic Land - Mountain",Colorless,Common,"Ann-Sophie De Steur",0,0,,0,1,0,0,$0.20,$0.38,279,"Streets of New Capenna",73116,559462,,0,"","","",265356,611266
"Forest","Basic Land - Forest",Colorless,Common,"Matteo Bassini",0,0,,0,1,0,0,$0.14,$0.39,280,"Streets of New Capenna",73117,559463,,0,"","","",265360,611267
"Forest","Basic Land - Forest",Colorless,Common,"W.Flemming",0,0,,0,1,0,0,$0.16,$0.27,281,"Streets of New Capenna",73118,559464,,0,"","","",265361,611268
"Mysterious Limousine","Artifact - Vehicle",White,Rare,"Hector Ortiz",4,4,(3)(W)(W),5,2,2,0,$0.77,$0.77,462,"Streets of New Capenna",73119,558227,,0,"2xMint","","2xEnglish",270803,651675
"Rumor Gatherer","Creature - Elf Wizard",White,Uncommon,"Simon Dominic",2,1,(1)(W)(W),3,0,0,0,$0.02,$0.02,463,"Streets of New Capenna",73120,558639,,0,"","","",269143,651676
"An Offer You Can't Refuse","Instant",Blue,Uncommon,"Dallas Williams",0,0,(U),1,0,0,0,$0.99,$3.85,464,"Streets of New Capenna",73121,558640,,0,"","","",269144,651677
"Incriminate","Sorcery",Black,Common,"Kieran Yanner",0,0,(1)(B),2,0,0,0,$0.02,$0.38,465,"Streets of New Capenna",73122,558641,,0,"","","",269145,651678
"Light 'Em Up","Sorcery",Red,Common,"Tony Foti",0,0,(1)(R),2,0,0,0,$0.02,$0.02,466,"Streets of New Capenna",73123,558642,,0,"","","",269148,651679
"Courier's Briefcase","Artifact - Treasure",Green,Uncommon,"Josu Hernaiz",0,0,(1)(G),2,0,0,0,$0.02,$0.22,467,"Streets of New Capenna",73124,558643,,0,"","","",269151,651680
